MAE,MSE
1.7233099551179087,4.7222509857159505
